epoch,time,train/box_loss,train/cls_loss,train/dfl_loss,metrics/precision(B),metrics/recall(B),metrics/mAP50(B),metrics/mAP50-95(B),val/box_loss,val/cls_loss,val/dfl_loss,lr/pg0,lr/pg1,lr/pg2
1,135.935,4.42203,7.71209,1.43214,0.00048,0.14286,0.00029,6e-05,4.46746,5.28887,1.23521,0.000659091,0.000659091,0.000659091
2,269.038,4.09796,4.61048,1.1798,0.0007,0.19048,0.00065,9e-05,4.56183,4.39838,1.22643,0.00129951,0.00129951,0.00129951
3,383.698,3.95144,4.21721,1.14158,0.00049,0.14286,0.00188,0.00024,4.54574,4.36226,1.1776,0.00191352,0.00191352,0.00191352
4,503.064,3.90777,3.91436,1.14765,0,0,0,0,4.18129,4.59281,1.26103,0.0018812,0.0018812,0.0018812
5,625.309,3.89549,3.74119,1.12825,0.00069,0.11905,0.0004,7e-05,4.3833,4.13074,1.14129,0.0018416,0.0018416,0.0018416
6,761.7,3.82865,3.61021,1.1109,0.00085,0.09524,0.00061,9e-05,4.51546,3.77496,1.17435,0.001802,0.001802,0.001802
7,883.953,3.76858,3.59153,1.09935,0.00037,0.07143,0.00022,3e-05,4.53246,4.10497,1.16047,0.0017624,0.0017624,0.0017624
8,1003.27,3.82125,3.55642,1.11447,0.00077,0.07143,0.0005,5e-05,4.48659,3.95791,1.19644,0.0017228,0.0017228,0.0017228
9,1118.93,3.75288,3.54002,1.1006,0.00035,0.09524,0.00024,5e-05,4.28791,4.34662,1.11289,0.0016832,0.0016832,0.0016832
10,1244.57,3.77012,3.487,1.10383,0.00087,0.11905,0.00052,5e-05,4.62313,3.67869,1.16015,0.0016436,0.0016436,0.0016436
11,1362.84,3.76328,3.47809,1.09677,0.00168,0.09524,0.00141,0.00017,4.00091,4.05581,1.09627,0.001604,0.001604,0.001604
12,1478.01,3.7519,3.40617,1.09121,0.00022,0.02381,0.00012,2e-05,4.48207,4.01302,1.14954,0.0015644,0.0015644,0.0015644
13,1644.31,3.69058,3.42555,1.09494,0.00123,0.09524,0.00077,8e-05,4.41777,3.69481,1.14989,0.0015248,0.0015248,0.0015248
14,1820.05,3.71389,3.34544,1.0964,0.00135,0.09524,0.00076,0.00011,4.11589,4.27596,1.13088,0.0014852,0.0014852,0.0014852
15,1960.08,3.67502,3.33184,1.08412,0.00078,0.07143,0.00043,7e-05,4.19493,4.28283,1.16555,0.0014456,0.0014456,0.0014456
16,2104.54,3.66714,3.32096,1.08418,0,0,0,0,4.92061,4.06837,1.23515,0.001406,0.001406,0.001406
17,2322.29,3.70432,3.3513,1.08927,0.00045,0.07143,0.00024,3e-05,4.68721,4.46321,1.18651,0.0013664,0.0013664,0.0013664
18,2482.67,3.65462,3.29937,1.08311,0.00215,0.16667,0.00159,0.00028,4.4201,3.59211,1.15525,0.0013268,0.0013268,0.0013268
19,2627.47,3.62104,3.27773,1.07388,0.00075,0.09524,0.00058,8e-05,4.47932,3.67488,1.14905,0.0012872,0.0012872,0.0012872
20,2809.14,3.62342,3.30558,1.07334,0.00255,0.30952,0.00167,0.00028,4.19023,3.76796,1.14311,0.0012476,0.0012476,0.0012476
21,2962.86,3.68289,3.25558,1.0795,0.00324,0.30952,0.00219,0.00032,4.08051,3.7308,1.14576,0.001208,0.001208,0.001208
22,3153.11,3.60222,3.2774,1.06671,0.0002,0.02381,0.00011,1e-05,4.25611,4.39065,1.20536,0.0011684,0.0011684,0.0011684
23,3340.92,3.65909,3.30095,1.08358,0.00187,0.07143,0.00119,0.00022,4.5435,3.45108,1.16352,0.0011288,0.0011288,0.0011288
24,3519.82,3.60453,3.23977,1.07288,0.0017,0.2619,0.00126,0.00025,4.1804,3.79689,1.14112,0.0010892,0.0010892,0.0010892
25,3687.97,3.61342,3.24306,1.07347,0.00085,0.14286,0.00048,6e-05,4.35773,4.39937,1.18125,0.0010496,0.0010496,0.0010496
26,3852.45,3.58953,3.21697,1.06549,0.00018,0.02381,9e-05,1e-05,4.60741,4.20149,1.17507,0.00101,0.00101,0.00101
27,4025.74,3.56524,3.22109,1.06342,0.00402,0.21429,0.00246,0.00049,4.02769,3.71241,1.13829,0.0009704,0.0009704,0.0009704
28,4215.07,3.59504,3.18732,1.07326,0.00143,0.09524,0.00089,0.00015,4.30503,3.73106,1.15239,0.0009308,0.0009308,0.0009308
29,4418.79,3.56438,3.22062,1.06649,0.0018,0.16667,0.0011,0.00017,4.04133,3.5613,1.11112,0.0008912,0.0008912,0.0008912
30,4629.13,3.57182,3.15657,1.06371,0.00132,0.14286,0.0008,0.00017,4.06034,3.87243,1.12006,0.0008516,0.0008516,0.0008516
31,4815.51,3.57714,3.17239,1.06084,0.00201,0.2619,0.0013,0.00019,4.23579,3.78541,1.13445,0.000812,0.000812,0.000812
32,4950.25,3.58801,3.14396,1.06611,0.00073,0.07143,0.00039,6e-05,4.42625,4.2989,1.19943,0.0007724,0.0007724,0.0007724
33,5119.48,3.57277,3.17922,1.07204,0.00191,0.2381,0.00124,0.00018,4.16555,3.94522,1.1468,0.0007328,0.0007328,0.0007328
34,5278.93,3.60228,3.15498,1.07384,0.00176,0.21429,0.00108,0.00014,4.27943,3.83851,1.16364,0.0006932,0.0006932,0.0006932
35,5449.79,3.52822,3.14054,1.07276,0.00176,0.19048,0.00107,0.00017,4.09103,4.24984,1.14617,0.0006536,0.0006536,0.0006536
36,5594.18,3.59033,3.09084,1.0673,0.00226,0.19048,0.00145,0.00019,4.17799,3.59103,1.11978,0.000614,0.000614,0.000614
37,5727.38,3.50751,3.07506,1.05581,0.00184,0.14286,0.00123,0.00016,4.28269,3.37362,1.12917,0.0005744,0.0005744,0.0005744
38,5876.24,3.50732,3.07963,1.05925,0.00192,0.21429,0.00124,0.00023,4.26321,3.82115,1.13221,0.0005348,0.0005348,0.0005348
39,6054.32,3.5245,3.08765,1.06417,0.00147,0.09524,0.00088,0.00021,4.42115,3.71896,1.16776,0.0004952,0.0004952,0.0004952
40,6196.13,3.53455,3.11864,1.05314,0.00148,0.14286,0.00093,0.00015,4.37617,3.77461,1.13726,0.0004556,0.0004556,0.0004556
41,6329.57,3.68098,3.3277,1.08167,0.00056,0.04762,0.00031,6e-05,4.55079,3.85682,1.14967,0.000416,0.000416,0.000416
42,6458.5,3.59862,3.08931,1.06354,0.001,0.07143,0.00055,9e-05,4.49301,3.83023,1.15703,0.0003764,0.0003764,0.0003764
43,6581.96,3.58304,3.06872,1.06009,0.00051,0.04762,0.00028,7e-05,4.51892,4.21778,1.15665,0.0003368,0.0003368,0.0003368
44,6664.23,3.52729,3.03411,1.06808,0,0,0,0,4.5382,4.57988,1.15928,0.0002972,0.0002972,0.0002972
45,6745.83,3.53819,3.01568,1.05616,0.00144,0.09524,0.00085,0.00014,4.51813,3.81293,1.16432,0.0002576,0.0002576,0.0002576
46,6832.17,3.50766,2.95915,1.05487,0.00158,0.09524,0.00087,0.00015,4.28192,4.21867,1.12796,0.000218,0.000218,0.000218
47,7312.59,3.51886,2.99358,1.05013,0.00129,0.09524,0.00071,9e-05,4.31128,4.43872,1.13828,0.0001784,0.0001784,0.0001784
48,7409.49,3.45846,2.92543,1.04748,0.00053,0.04762,0.00028,0.00011,4.37781,4.56549,1.15097,0.0001388,0.0001388,0.0001388
49,7483.81,3.45141,2.94659,1.04455,0.00059,0.04762,0.00031,0.00011,4.34481,4.29732,1.14243,9.92e-05,9.92e-05,9.92e-05
50,7570.34,3.46619,2.9298,1.04628,0.00155,0.11905,0.00091,0.00014,4.23217,4.17686,1.12834,5.96e-05,5.96e-05,5.96e-05
